<?xml version="1.0" encoding="UTF-8"?>
<SkinSet>
 <SkinName>默认皮肤 - Flash导航条风格</SkinName>
 <SkinDesigner>PuterJam</SkinDesigner>
 <pubDate>2004-11-6</pubDate>
 <DesignerURL>http://www.pjhome.net/</DesignerURL>
 <DesignerMail>puterjam@gmail.com</DesignerMail>
 <Flash>
  <UseFlash>-1</UseFlash>
  <FlashPath>images/head.swf</FlashPath>
  <FlashWidth>748</FlashWidth>
  <FlashHeight>80</FlashHeight>
  <FlashAlign>center</FlashAlign>
  <FlashTop>0</FlashTop>
  <FlashTransparent>-1</FlashTransparent>
 </Flash>
</SkinSet>
