﻿<?xml version="1.0" ?><spam><key><![CDATA[代考]]></key><key><![CDATA[北京机票]]></key><key><![CDATA[滚动灯箱]]></key><key><![CDATA[阻断器]]></key><key><![CDATA[屏蔽器]]></key><key><![CDATA[粉碎机]]></key><key><![CDATA[破碎机]]></key><key><![CDATA[灌装]]></key><key><![CDATA[牛皮癣]]></key><key><![CDATA[云南旅游]]></key><key><![CDATA[足彩]]></key><key><![CDATA[六合]]></key><key><![CDATA[搬家公司]]></key><key><![CDATA[非常时尚的BLOG]]></key><key><![CDATA[杂志征稿]]></key><key><![CDATA[高等教育科学]]></key><key><![CDATA[写真]]></key><key><![CDATA[西藏旅游]]></key><key><![CDATA[prcdx]]></key><key><![CDATA[google代理商]]></key><key><![CDATA[google推广]]></key><key><![CDATA[机票查询]]></key><key><![CDATA[一博网络]]></key><key><![CDATA[机票预定]]></key><key><![CDATA[商友]]></key><key><![CDATA[商友下载]]></key><key><![CDATA[商友软件]]></key><key><![CDATA[北大青鸟]]></key><key><![CDATA[手机窃听器]]></key><key><![CDATA[sanew-cable]]></key><key><![CDATA[皇冠投注]]></key><key><![CDATA[福利彩票]]></key><key><![CDATA[加工长]]></key><key><![CDATA[营销软件]]></key><key><![CDATA[冰淇淋机]]></key><key><![CDATA[激情电影]]></key><key><![CDATA[电动爆米花机]]></key><key><![CDATA[爆米花原料]]></key><key><![CDATA[奶油爆米花]]></key><key><![CDATA[大嘴巴爆米花机]]></key><key><![CDATA[爆米花机]]></key><key><![CDATA[商机]]></key><key><![CDATA[致富机械]]></key><key><![CDATA[食品机械]]></key><key><![CDATA[小型机械]]></key><key><![CDATA[私服]]></key><key><![CDATA[物流]]></key><key><![CDATA[冰激凌机]]></key><key><![CDATA[成人用品]]></key><key><![CDATA[监控系统]]></key><key><![CDATA[福彩]]></key><key><![CDATA[156688]]></key><key><![CDATA[sha168.com]]></key><key><![CDATA[注册香港公司]]></key><key><![CDATA[深圳律师]]></key><key><![CDATA[全球华人网]]></key><key><![CDATA[注册香港公司]]></key><key><![CDATA[激情电影]]></key><key><![CDATA[欲女写真]]></key><key><![CDATA[激情图片]]></key><key><![CDATA[365igo.cn]]></key><key><![CDATA[z06.cn]]></key><key><![CDATA[jewelry5.net]]></key><key><![CDATA[银饰批发]]></key><key><![CDATA[fuke800.com]]></key><key><![CDATA[jian-kong.com]]></key><key><![CDATA[外贸软件]]></key><key><![CDATA[51boss.net]]></key><key><![CDATA[passion.org.cn]]></key><key><![CDATA[tinboxjbl.com]]></key><key><![CDATA[条码打印机]]></key><key><![CDATA[51399888.com]]></key><key><![CDATA[8008208350.com]]></key><key><![CDATA[100woman.cn]]></key><key><![CDATA[zgxbzlw.com]]></key><key><![CDATA[zjunited.com]]></key><key><![CDATA[popso.cn]]></key><key><![CDATA[cnkangyu.com]]></key><key><![CDATA[freepages.at]]></key><key><![CDATA[上海租车]]></key><key><![CDATA[南京网站推广]]></key><key><![CDATA[不锈钢标准件]]></key><key><![CDATA[性交]]></key><key><![CDATA[黄色片]]></key><key><![CDATA[C8051F]]></key><key><![CDATA[熔断器]]></key><key><![CDATA[.dk]]></key><key><![CDATA[防火涂料]]></key><key><![CDATA[防火门]]></key><key><![CDATA[高低温试验箱]]></key><key><![CDATA[paulandrews.com]]></key><key><![CDATA[视频聊天]]></key><key><![CDATA[砂浆网]]></key><key><![CDATA[comingchina.com]]></key><key><![CDATA[内衣]]></key><key><![CDATA[情趣]]></key><key><![CDATA[aiyihang.com.cn]]></key><key><![CDATA[jaz.com]]></key><key><![CDATA[sensortop.com]]></key><key><![CDATA[hhpump.com]]></key><key><![CDATA[lzmarine.com]]></key><key><![CDATA[dzhkt.com]]></key><key><![CDATA[stationet.com]]></key><key><![CDATA[podomatic.com]]></key><key><![CDATA[.ro]]></key><key><![CDATA[hjpflower.com]]></key><key><![CDATA[shmenjin.com]]></key><key><![CDATA[925happy.com]]></key><key><![CDATA[ucctek.com.cn]]></key><key><![CDATA[datatranslation.com.cn]]></key><key><![CDATA[ucctek.com.cn]]></key><key><![CDATA[pengpeng.com]]></key><key><![CDATA[防腐涂料]]></key><key><![CDATA[oahaha.com]]></key><key><![CDATA[zzhzzf.com]]></key><key><![CDATA[21cnzf.com]]></key><key><![CDATA[8009999008.com]]></key><key><![CDATA[wystr.com]]></key><key><![CDATA[sz5156.com]]></key><key><![CDATA[bjgy.com.cn]]></key><key><![CDATA[bhcyts.cn]]></key><key><![CDATA[ynkmty.com]]></key><key><![CDATA[yn578.com]]></key><key><![CDATA[adala.org]]></key><key><![CDATA[keliao.com.cn]]></key><key><![CDATA[hechina.com]]></key><key><![CDATA[marry5.com]]></key><key><![CDATA[jwac.net]]></key><key><![CDATA[nbjqwj.com]]></key><key><![CDATA[hzfhm.cn]]></key><key><![CDATA[qftour.com]]></key><key><![CDATA[szgbs.com]]></key><key><![CDATA[ffid.com.cn]]></key><key><![CDATA[.jp]]></key><key><![CDATA[sandpyt.org]]></key><key><![CDATA[.ac.jp]]></key><key><![CDATA[.ee]]></key><key><![CDATA[dvdvne.org]]></key><key><![CDATA[nkanebsn.org]]></key><key><![CDATA[canuckscentral]]></key><key><![CDATA[.co.uk]]></key><key><![CDATA[thai.net]]></key><key><![CDATA[opencourse]]></key><key><![CDATA[dipsn.com]]></key><key><![CDATA[6-do.com]]></key><key><![CDATA[szhailiang.com.cn]]></key><key><![CDATA[uirillio.org]]></key><key><![CDATA[astareccano.org]]></key><key><![CDATA[free20.com]]></key><key><![CDATA[herehot.com]]></key><key><![CDATA[worldbreak.com]]></key><key><![CDATA[pintocco.org]]></key><key><![CDATA[iffrauntuli.org]]></key><key><![CDATA[ascelaccini.org]]></key><key><![CDATA[zjesc.cn]]></key><key><![CDATA[aerosun.cn]]></key><key><![CDATA[pussychat.net]]></key><key><![CDATA[enfraguacci.org]]></key><key><![CDATA[articelli.org]]></key><key><![CDATA[imagecave.com]]></key><key><![CDATA[老虎机]]></key><key><![CDATA[晓芳工艺]]></key><key><![CDATA[A片]]></key><key><![CDATA[tekcities.com]]></key><key><![CDATA[asegettimb.org]]></key><key><![CDATA[orelliomp.org]]></key><key><![CDATA[shiheng.com.cn]]></key><key><![CDATA[fioricet-24h.com]]></key><key><![CDATA[freewebs.com]]></key><key><![CDATA[editme.com]]></key><key><![CDATA[亚洲交友中心]]></key><key><![CDATA[revieww.org]]></key><key><![CDATA[uta.edu]]></key><key><![CDATA[aves.editme.com]]></key><key><![CDATA[landerma.org]]></key><key><![CDATA[psychologies]]></key><key><![CDATA[yourinfo1.org]]></key><key><![CDATA[juicypornhost.com]]></key><key><![CDATA[whatever9.org]]></key><key><![CDATA[tryit7.org]]></key><key><![CDATA[aboutgps.org]]></key><key><![CDATA[essay]]></key><key><![CDATA[mysearch1.org]]></key><key><![CDATA[something5.org]]></key><key><![CDATA[adwords.org.cn]]></key><key><![CDATA[foundit2.org]]></key><key><![CDATA[mybusiness7.org]]></key><key><![CDATA[lailiaoliao.com]]></key><key><![CDATA[ok2008.net]]></key><key><![CDATA[listit8.org]]></key><key><![CDATA[jammatown.com]]></key><key><![CDATA[ftfcu.org]]></key><key><![CDATA[12829]]></key><key><![CDATA[free-bingo]]></key><key><![CDATA[xanax]]></key><key><![CDATA[poker]]></key><key><![CDATA[xytfy]]></key><key><![CDATA[aol.com]]></key><key><![CDATA[readourthoughts.com]]></key><key><![CDATA[大法]]></key><key><![CDATA[法轮]]></key><key><![CDATA[allyouneed7.org]]></key><key><![CDATA[blogtopia.com]]></key><key><![CDATA[.lt]]></key><key><![CDATA[rington]]></key><key><![CDATA[najx.com]]></key><key><![CDATA[jot.com]]></key><key><![CDATA[.ua]]></key><key><![CDATA[sveta]]></key><key><![CDATA[spyceagency.com]]></key><key><![CDATA[easyjournal.com]]></key><key><![CDATA[.cc]]></key><key><![CDATA[.at.tc]]></key><key><![CDATA[.tt]]></key><key><![CDATA[spboards.com]]></key><key><![CDATA[arcadepages]]></key><key><![CDATA[150m.com]]></key><key><![CDATA[t35.com]]></key><key><![CDATA[fc2.com]]></key><key><![CDATA[bravehost.com]]></key><key><![CDATA[atspace.com]]></key><key><![CDATA[t35.com]]></key><key><![CDATA[ephpbb]]></key><key><![CDATA[palungjit]]></key><key><![CDATA[pantyhose]]></key><key><![CDATA[proboards]]></key><key><![CDATA[.bz]]></key><key><![CDATA[.in]]></key><key><![CDATA[.ba]]></key><key><![CDATA[.it]]></key><key><![CDATA[.ws]]></key><key><![CDATA[.info]]></key><key><![CDATA[blogspot.com]]></key><key><![CDATA[proboards102.com]]></key><key><![CDATA[sex]]></key><key><![CDATA[Nake]]></key><key><![CDATA[shorl.com]]></key><key><![CDATA[.to]]></key><key><![CDATA[.be]]></key><key><![CDATA[propecia-qnvi]]></key><key><![CDATA[.de]]></key><key><![CDATA[.pl]]></key><key><![CDATA[free-ringtones]]></key><key><![CDATA[phpbb-uk]]></key><key><![CDATA[blox.pl]]></key><key><![CDATA[forumup.com]]></key><key><![CDATA[michikusa.jp]]></key><key><![CDATA[mpage.jp]]></key><key><![CDATA[diaryland]]></key><key><![CDATA[to.pl]]></key><key><![CDATA[levitrarx]]></key><key><![CDATA[free-forums]]></key><key><![CDATA[viagra]]></key><key><![CDATA[ccidnet]]></key><key><![CDATA[nvmmyxto]]></key><key><![CDATA[itsqq]]></key><key><![CDATA[sz-wholesale]]></key><key><![CDATA[for-vip]]></key><key><![CDATA[sanlion]]></key><key><![CDATA[forumfree]]></key><key><![CDATA[usa.gs]]></key><key><![CDATA[bitacoras]]></key><key><![CDATA[自拍写真集]]></key><key><![CDATA[163ns.com]]></key><key><![CDATA[bbxxw.com]]></key><key><![CDATA[transbj.cn]]></key><key><![CDATA[世界倍在线搜索]]></key><key><![CDATA[福州网站建设]]></key><key><![CDATA[0591idc.cn]]></key><key><![CDATA[mtpu.com]]></key><key><![CDATA[scbid.com]]></key><key><![CDATA[maqing663.cn]]></key><key><![CDATA[58500843.com]]></key><key><![CDATA[mqseo.com]]></key><key><![CDATA[mqmarking.com]]></key><key><![CDATA[mqfeng.com]]></key><key><![CDATA[marking663.com]]></key><key><![CDATA[mark663.com]]></key><key><![CDATA[555663.com]]></key><key><![CDATA[58500913.com]]></key><key><![CDATA[iambm.com]]></key><key><![CDATA[etlong.com]]></key><key><![CDATA[wxboall.com.cn]]></key><key><![CDATA[dexian]]></key><key><![CDATA[credit-card-4u.us]]></key><key><![CDATA[card]]></key><key><![CDATA[visa]]></key><key><![CDATA[credit-card-only.com]]></key><key><![CDATA[rated-insurance.com]]></key><key><![CDATA[secured-casino.com]]></key><key><![CDATA[yours-pharmacy.com]]></key><key><![CDATA[listed-credit-cards.com]]></key><key><![CDATA[insurance-related.com]]></key><key><![CDATA[3qsf.com]]></key><key><![CDATA[57sf.org]]></key><key><![CDATA[chuanqi999.com]]></key><key><![CDATA[pklag.com]]></key><key><![CDATA[sfku.net]]></key><key><![CDATA[pklag.com]]></key><key><![CDATA[370210.com]]></key><key><![CDATA[chuanqipk.com]]></key><key><![CDATA[82g.net]]></key><key><![CDATA[gamekk.com]]></key><key><![CDATA[3qsf.com]]></key><key><![CDATA[57sf.org]]></key><key><![CDATA[chuanqi999.com]]></key><key><![CDATA[pklag.com]]></key><key><![CDATA[57sf.com]]></key><key><![CDATA[57sf.com]]></key><key><![CDATA[52mir3.net]]></key><key><![CDATA[sfku.net]]></key><key><![CDATA[济南聚力水处理]]></key><key><![CDATA[juli-water.com]]></key><key><![CDATA[obopo.org]]></key><key><![CDATA[keysearch.cn]]></key><key><![CDATA[ourlib.cn]]></key><key><![CDATA[keysearch.cn]]></key><key><![CDATA[ourvideo.cn]]></key><key><![CDATA[17668.net]]></key><key><![CDATA[myteeundercar.com]]></key><key><![CDATA[viagra.html]]></key><key><![CDATA[viagrabuy.envy.nu]]></key><key><![CDATA[hgh.html]]></key><key><![CDATA[hghbuy.envy.nu]]></key><key><![CDATA[levitra.html]]></key><key><![CDATA[usdrugs-online.com]]></key><key><![CDATA[hgh.tekcities.com]]></key><key><![CDATA[qqdqq.com]]></key><key><![CDATA[yanglin001.bokee.com]]></key><key><![CDATA[52ganxi.com]]></key><key><![CDATA[sooft.org]]></key><key><![CDATA[98825.com]]></key><key><![CDATA[cnsd.com.cn]]></key><key><![CDATA[ryul.blogspot.com.cn]]></key><key><![CDATA[jiangyouxiaozi]]></key><key><![CDATA[dy106.com]]></key><key><![CDATA[heatinterchange.com]]></key><key><![CDATA[alprazolam]]></key><key><![CDATA[ambien]]></key><key><![CDATA[valium]]></key><key><![CDATA[forums.cc]]></key><key><![CDATA[xrblog.com]]></key><key><![CDATA[xxxnations.com]]></key><key><![CDATA[成人电影]]></key><key><![CDATA[免费黄色网站]]></key><key><![CDATA[rotatorqueen.com]]></key><key><![CDATA[wowgoldnet.com]]></key><key><![CDATA[nicewowgold.com]]></key><key><![CDATA[huanyuquan.com]]></key><key><![CDATA[OkBlog.cn]]></key><key><![CDATA[辉克网络]]></key><key><![CDATA[huike007.net]]></key><key><![CDATA[seegle.cn]]></key><key><![CDATA[mydrem.com]]></key><key><![CDATA[usapages.com]]></key><key><![CDATA[freeadultparty.com]]></key><key><![CDATA[yeshu.com]]></key><key><![CDATA[wok16.com]]></key><key><![CDATA[boxmao.com]]></key><key><![CDATA[ii8888.com]]></key><key><![CDATA[ledshow.net]]></key><key><![CDATA[shop33269379]]></key><key><![CDATA[szchitd.net]]></key><key><![CDATA[stonede.com]]></key><key><![CDATA[szchitd.com]]></key><key><![CDATA[alarmfac.com]]></key><key><![CDATA[yl007.com]]></key><key><![CDATA[yl007.net]]></key><key><![CDATA[valium.html]]></key><key><![CDATA[ownsthis.com]]></key><key><![CDATA[buyvaliumbuy]]></key><key><![CDATA[jvl.com]]></key><key><![CDATA[hm110.cn]]></key><key><![CDATA[1clayhill.com]]></key><key><![CDATA[741.com]]></key><key><![CDATA[hongkongsmhlhc.com]]></key><key><![CDATA[lhcline.com]]></key><key><![CDATA[lhcline.net]]></key><key><![CDATA[golhc.net]]></key><key><![CDATA[daylhc.com]]></key><key><![CDATA[100freemb.com]]></key><key><![CDATA[buy-airticket.com]]></key><key><![CDATA[voiptd.com]]></key><key><![CDATA[keypro.cn]]></key><key><![CDATA[tramadol]]></key><key><![CDATA[esubahost.info]]></key><key><![CDATA[webs.net.cn]]></key><key><![CDATA[18tyj.com]]></key><key><![CDATA[givewin.com.cn]]></key><key><![CDATA[dell-china.cn]]></key><key><![CDATA[专业网站推广]]></key><key><![CDATA[推广软件]]></key><key><![CDATA[keruo.com]]></key><key><![CDATA[tywg.com]]></key><key><![CDATA[blogspoint.com]]></key><key><![CDATA[kedacom.com]]></key><key><![CDATA[boobs.com.cn]]></key><key><![CDATA[chly.gov.cn]]></key><key><![CDATA[hmkouqiang.com]]></key><key><![CDATA[ruxian.com]]></key><key><![CDATA[ztqbk.cn]]></key><key><![CDATA[kongtiao168.com]]></key><key><![CDATA[kc-generator.com]]></key><key><![CDATA[bzshiji.com]]></key><key><![CDATA[tjclock.com]]></key><key><![CDATA[彩铃]]></key><key><![CDATA[铃声下载]]></key><key><![CDATA[手机铃声]]></key><key><![CDATA[时代互联]]></key><key><![CDATA[now.net.cn]]></key><key><![CDATA[yipro.com]]></key><key><![CDATA[qqgoodqq]]></key><key><![CDATA[fangyong.com]]></key><key><![CDATA[sh-esc.com]]></key><key><![CDATA[saupro.com]]></key><key><![CDATA[kooxoo.com]]></key><key><![CDATA[myfreebulletinboard.com]]></key><key><![CDATA[bnokia.nolblog.hu]]></key><key><![CDATA[rapidforum.com]]></key><key><![CDATA[shorthandcom@]]></key><key><![CDATA[ebottle.net]]></key><key><![CDATA[zgsysy.com]]></key><key><![CDATA[shorthand.com.cn]]></key><key><![CDATA[免费电影]]></key><key><![CDATA[佳家网]]></key><key><![CDATA[4711111.com]]></key><key><![CDATA[段思思]]></key><key><![CDATA[8cai.org]]></key><key><![CDATA[bowwin.com]]></key><key><![CDATA[翻译公司]]></key><key><![CDATA[oulinhuayuan]]></key><key><![CDATA[企业名录]]></key><key><![CDATA[6262.cn]]></key><key><![CDATA[oulinhuayuan.com]]></key><key><![CDATA[打包机]]></key><key><![CDATA[taole.com.cn]]></key><key><![CDATA[wadasika.jp]]></key><key><![CDATA[cy500.com]]></key><key><![CDATA[hkwei88.com]]></key><key><![CDATA[西安百盛]]></key><key><![CDATA[donic.cn]]></key><key><![CDATA[119gift.cn]]></key><key><![CDATA[comeoffice.com]]></key><key><![CDATA[laobaninfo.com]]></key><key><![CDATA[vtov.net]]></key><key><![CDATA[vhv.cn]]></key><key><![CDATA[bestsite.cn]]></key><key><![CDATA[情色资讯]]></key><key><![CDATA[98160.cn]]></key><key><![CDATA[hongkong365]]></key><key><![CDATA[ful.cn]]></key><key><![CDATA[ma163.cn]]></key><key><![CDATA[99shiji.com]]></key><key><![CDATA[Blue1000.Com]]></key><key><![CDATA[cialis]]></key><key><![CDATA[fastpages.com]]></key><key><![CDATA[250m.com]]></key><key><![CDATA[9cy.com]]></key><key><![CDATA[cybcity.com]]></key><key><![CDATA[tamiflu]]></key><key><![CDATA[shigao.com]]></key><key><![CDATA[投影机查询]]></key><key><![CDATA[theblogs.net]]></key><key><![CDATA[narod.ru]]></key><key><![CDATA[hkhk68]]></key><key><![CDATA[1001an.com]]></key><key><![CDATA[hk-365.com]]></key><key><![CDATA[builtfree.org]]></key><key><![CDATA[591car.cn]]></key><key><![CDATA[dyvb.com]]></key><key><![CDATA[zcsw.net]]></key><key><![CDATA[365cast.com]]></key><key><![CDATA[ccwl]]></key><key><![CDATA[allsexpages]]></key><key><![CDATA[lpw.cn]]></key><key><![CDATA[轴承163]]></key><key><![CDATA[bjlddf.cn]]></key><key><![CDATA[baccarat]]></key><key><![CDATA[丽都东方]]></key><key><![CDATA[gold]]></key><key><![CDATA[wow]]></key><key><![CDATA[vioxx]]></key><key><![CDATA[魔啦格]]></key><key><![CDATA[群发]]></key><key><![CDATA[seozone.net]]></key><key><![CDATA[prozac.html]]></key><key><![CDATA[jx8800.com]]></key><key><![CDATA[捷讯手机网]]></key><key><![CDATA[LED显示屏]]></key><key><![CDATA[稻城]]></key><key><![CDATA[六合彩]]></key></spam>